Fecha de solicitud;Provincia;NÃºmero de ampliaciones
2025-07-06;TOLEDO;1
2025-07-06;MADRID;1
2025-07-06;CIUDAD REAL;1
2025-07-06;CUENCA;2
2025-07-06;VALLADOLID;1
2025-07-06;SALAMANCA;1
2025-07-06;GUADALAJARA;1
2025-07-06;ALBACETE;1
2025-07-06;PALENCIA;1
2025-07-06;VALENCIA;1
2025-07-06;CASTELLON;1
2025-07-06;BIZKAIA;1
2025-07-06;GIPUZKOA;2
2025-07-06;AVILA;1
2025-07-06;ASTURIAS;1
2025-07-06;ALICANTE;2
2025-07-06;MURCIA;1
2025-07-06;LEON;1
2025-07-13;TOLEDO;2
2025-07-13;MADRID;2
2025-07-13;CIUDAD REAL;1
2025-07-13;CUENCA;2
2025-07-13;VALLADOLID;1
2025-07-13;SALAMANCA;1
2025-07-13;GUADALAJARA;1
2025-07-13;ALBACETE;1
2025-07-13;PALENCIA;1
2025-07-13;VALENCIA;1
2025-07-13;CASTELLON;1
2025-07-13;BIZKAIA;1
2025-07-13;GIPUZKOA;1
2025-07-13;AVILA;1
2025-07-13;ASTURIAS;1
2025-07-13;ALICANTE;2
2025-07-13;MURCIA;2
2025-07-13;LEON;1
2025-07-20;TOLEDO;2
2025-07-20;MADRID;1
2025-07-20;CIUDAD REAL;1
2025-07-20;CUENCA;1
2025-07-20;VALLADOLID;1
2025-07-20;SALAMANCA;1
2025-07-20;GUADALAJARA;1
2025-07-20;ALBACETE;1
2025-07-20;PALENCIA;1
2025-07-20;VALENCIA;1
2025-07-20;CASTELLON;1
2025-07-20;BIZKAIA;1
2025-07-20;GIPUZKOA;1
2025-07-20;AVILA;1
2025-07-20;ASTURIAS;1
2025-07-20;ALICANTE;2
2025-07-20;MURCIA;1
2025-07-20;LEON;1
2025-07-27;TOLEDO;2
2025-07-27;MADRID;1
2025-07-27;CIUDAD REAL;2
2025-07-27;CUENCA;2
2025-07-27;VALLADOLID;1
2025-07-27;SALAMANCA;1
2025-07-27;GUADALAJARA;1
2025-07-27;ALBACETE;1
2025-07-27;PALENCIA;1
2025-07-27;VALENCIA;1
2025-07-27;CASTELLON;1
2025-07-27;BIZKAIA;1
2025-07-27;GIPUZKOA;2
2025-07-27;AVILA;1
2025-07-27;ASTURIAS;2
2025-07-27;ALICANTE;2
2025-07-27;MURCIA;1
2025-07-27;LEON;1
2025-08-03;TOLEDO;2
2025-08-03;MADRID;2
2025-08-03;CIUDAD REAL;2
2025-08-03;CUENCA;1
2025-08-03;VALLADOLID;1
2025-08-03;SALAMANCA;2
2025-08-03;GUADALAJARA;1
2025-08-03;ALBACETE;2
2025-08-03;PALENCIA;1
2025-08-03;VALENCIA;1
2025-08-03;CASTELLON;1
2025-08-03;BIZKAIA;1
2025-08-03;GIPUZKOA;1
2025-08-03;AVILA;1
2025-08-03;ASTURIAS;2
2025-08-03;ALICANTE;2
2025-08-03;MURCIA;2
2025-08-03;LEON;1
2025-08-10;TOLEDO;2
2025-08-10;MADRID;1
2025-08-10;CIUDAD REAL;1
2025-08-10;CUENCA;1
2025-08-10;VALLADOLID;1
2025-08-10;SALAMANCA;1
2025-08-10;GUADALAJARA;1
2025-08-10;ALBACETE;1
2025-08-10;PALENCIA;1
2025-08-10;VALENCIA;1
2025-08-10;CASTELLON;1
2025-08-10;BIZKAIA;1
2025-08-10;GIPUZKOA;1
2025-08-10;AVILA;1
2025-08-10;ASTURIAS;2
2025-08-10;ALICANTE;2
2025-08-10;MURCIA;1
2025-08-10;LEON;1
2025-08-17;TOLEDO;1
2025-08-17;MADRID;2
2025-08-17;CIUDAD REAL;1
2025-08-17;CUENCA;2
2025-08-17;VALLADOLID;1
2025-08-17;SALAMANCA;1
2025-08-17;GUADALAJARA;1
2025-08-17;ALBACETE;1
2025-08-17;PALENCIA;1
2025-08-17;VALENCIA;2
2025-08-17;CASTELLON;1
2025-08-17;BIZKAIA;1
2025-08-17;GIPUZKOA;1
2025-08-17;AVILA;1
2025-08-17;ASTURIAS;2
2025-08-17;ALICANTE;2
2025-08-17;MURCIA;1
2025-08-17;LEON;1
2025-08-24;TOLEDO;1
2025-08-24;MADRID;1
2025-08-24;CIUDAD REAL;1
2025-08-24;CUENCA;1
2025-08-24;VALLADOLID;1
2025-08-24;SALAMANCA;2
2025-08-24;GUADALAJARA;1
2025-08-24;ALBACETE;1
2025-08-24;PALENCIA;1
2025-08-24;VALENCIA;2
2025-08-24;CASTELLON;1
2025-08-24;BIZKAIA;2
2025-08-24;GIPUZKOA;1
2025-08-24;AVILA;1
2025-08-24;ASTURIAS;1
2025-08-24;ALICANTE;2
2025-08-24;MURCIA;2
2025-08-24;LEON;1
2025-08-31;TOLEDO;1
2025-08-31;MADRID;1
2025-08-31;CIUDAD REAL;1
2025-08-31;CUENCA;2
2025-08-31;VALLADOLID;1
2025-08-31;SALAMANCA;1
2025-08-31;GUADALAJARA;1
2025-08-31;ALBACETE;1
2025-08-31;PALENCIA;1
2025-08-31;VALENCIA;2
2025-08-31;CASTELLON;1
2025-08-31;BIZKAIA;2
2025-08-31;GIPUZKOA;1
2025-08-31;AVILA;1
2025-08-31;ASTURIAS;1
2025-08-31;ALICANTE;2
2025-08-31;MURCIA;1
2025-08-31;LEON;1
2025-09-07;TOLEDO;1
2025-09-07;MADRID;2
2025-09-07;CIUDAD REAL;1
2025-09-07;CUENCA;2
2025-09-07;VALLADOLID;2
2025-09-07;SALAMANCA;2
2025-09-07;GUADALAJARA;1
2025-09-07;ALBACETE;1
2025-09-07;PALENCIA;1
2025-09-07;VALENCIA;2
2025-09-07;CASTELLON;1
2025-09-07;BIZKAIA;3
2025-09-07;GIPUZKOA;1
2025-09-07;AVILA;1
2025-09-07;ASTURIAS;1
2025-09-07;ALICANTE;1
2025-09-07;MURCIA;2
2025-09-07;LEON;1
2025-09-14;TOLEDO;2
2025-09-14;MADRID;1
2025-09-14;CIUDAD REAL;1
2025-09-14;CUENCA;1
2025-09-14;VALLADOLID;1
2025-09-14;SALAMANCA;1
2025-09-14;GUADALAJARA;1
2025-09-14;ALBACETE;1
2025-09-14;PALENCIA;1
2025-09-14;VALENCIA;2
2025-09-14;CASTELLON;1
2025-09-14;BIZKAIA;3
2025-09-14;GIPUZKOA;1
2025-09-14;AVILA;1
2025-09-14;ASTURIAS;1
2025-09-14;ALICANTE;1
2025-09-14;MURCIA;2
2025-09-14;LEON;1
2025-09-21;TOLEDO;1
2025-09-21;MADRID;2
2025-09-21;CIUDAD REAL;1
2025-09-21;CUENCA;1
2025-09-21;VALLADOLID;1
2025-09-21;SALAMANCA;1
2025-09-21;GUADALAJARA;1
2025-09-21;ALBACETE;1
2025-09-21;PALENCIA;1
2025-09-21;VALENCIA;2
2025-09-21;CASTELLON;1
2025-09-21;BIZKAIA;2
2025-09-21;GIPUZKOA;2
2025-09-21;AVILA;1
2025-09-21;ASTURIAS;1
2025-09-21;ALICANTE;1
2025-09-21;MURCIA;1
2025-09-21;LEON;1
2025-09-28;TOLEDO;1
2025-09-28;MADRID;1
2025-09-28;CIUDAD REAL;1
2025-09-28;CUENCA;2
2025-09-28;VALLADOLID;1
2025-09-28;SALAMANCA;1
2025-09-28;GUADALAJARA;1
2025-09-28;ALBACETE;1
2025-09-28;PALENCIA;1
2025-09-28;VALENCIA;2
2025-09-28;CASTELLON;2
2025-09-28;BIZKAIA;3
2025-09-28;GIPUZKOA;2
2025-09-28;AVILA;1
2025-09-28;ASTURIAS;1
2025-09-28;ALICANTE;1
2025-09-28;MURCIA;1
2025-09-28;LEON;1
2025-10-05;TOLEDO;1
2025-10-05;MADRID;1
2025-10-05;CIUDAD REAL;1
2025-10-05;CUENCA;1
2025-10-05;VALLADOLID;1
2025-10-05;SALAMANCA;1
2025-10-05;GUADALAJARA;1
2025-10-05;ALBACETE;1
2025-10-05;PALENCIA;1
2025-10-05;VALENCIA;2
2025-10-05;CASTELLON;2
2025-10-05;BIZKAIA;1
2025-10-05;GIPUZKOA;2
2025-10-05;AVILA;1
2025-10-05;ASTURIAS;1
2025-10-05;ALICANTE;1
2025-10-05;MURCIA;1
2025-10-05;LEON;1
2025-10-12;TOLEDO;1
2025-10-12;MADRID;1
2025-10-12;CIUDAD REAL;1
2025-10-12;CUENCA;2
2025-10-12;VALLADOLID;1
2025-10-12;SALAMANCA;1
2025-10-12;GUADALAJARA;1
2025-10-12;ALBACETE;1
2025-10-12;PALENCIA;1
2025-10-12;VALENCIA;2
2025-10-12;CASTELLON;2
2025-10-12;BIZKAIA;1
2025-10-12;GIPUZKOA;2
2025-10-12;AVILA;1
2025-10-12;ASTURIAS;1
2025-10-12;ALICANTE;1
2025-10-12;MURCIA;1
2025-10-12;LEON;1
2025-10-19;TOLEDO;1
2025-10-19;MADRID;1
2025-10-19;CIUDAD REAL;1
2025-10-19;CUENCA;1
2025-10-19;VALLADOLID;1
2025-10-19;SALAMANCA;1
2025-10-19;GUADALAJARA;1
2025-10-19;ALBACETE;1
2025-10-19;PALENCIA;1
2025-10-19;VALENCIA;2
2025-10-19;CASTELLON;2
2025-10-19;BIZKAIA;1
2025-10-19;GIPUZKOA;2
2025-10-19;AVILA;1
2025-10-19;ASTURIAS;1
2025-10-19;ALICANTE;1
2025-10-19;MURCIA;1
2025-10-19;LEON;1
2025-10-26;TOLEDO;2
2025-10-26;MADRID;2
2025-10-26;CIUDAD REAL;1
2025-10-26;CUENCA;1
2025-10-26;VALLADOLID;1
2025-10-26;SALAMANCA;1
2025-10-26;GUADALAJARA;1
2025-10-26;ALBACETE;1
2025-10-26;PALENCIA;1
2025-10-26;VALENCIA;2
2025-10-26;CASTELLON;2
2025-10-26;BIZKAIA;1
2025-10-26;GIPUZKOA;2
2025-10-26;AVILA;1
2025-10-26;ASTURIAS;1
2025-10-26;ALICANTE;2
2025-10-26;MURCIA;1
2025-10-26;LEON;1
2025-11-02;TOLEDO;2
2025-11-02;MADRID;2
2025-11-02;CIUDAD REAL;1
2025-11-02;CUENCA;2
2025-11-02;VALLADOLID;1
2025-11-02;SALAMANCA;1
2025-11-02;GUADALAJARA;1
2025-11-02;ALBACETE;2
2025-11-02;PALENCIA;1
2025-11-02;VALENCIA;2
2025-11-02;CASTELLON;2
2025-11-02;BIZKAIA;2
2025-11-02;GIPUZKOA;2
2025-11-02;AVILA;1
2025-11-02;ASTURIAS;1
2025-11-02;ALICANTE;2
2025-11-02;MURCIA;2
2025-11-02;LEON;1
2025-11-09;TOLEDO;2
2025-11-09;MADRID;2
2025-11-09;CIUDAD REAL;2
2025-11-09;CUENCA;1
2025-11-09;VALLADOLID;2
2025-11-09;SALAMANCA;2
2025-11-09;GUADALAJARA;1
2025-11-09;ALBACETE;1
2025-11-09;PALENCIA;1
2025-11-09;VALENCIA;2
2025-11-09;CASTELLON;2
2025-11-09;BIZKAIA;3
2025-11-09;GIPUZKOA;1
2025-11-09;AVILA;1
2025-11-09;ASTURIAS;2
2025-11-09;ALICANTE;3
2025-11-09;MURCIA;2
2025-11-09;LEON;1
2025-11-16;TOLEDO;2
2025-11-16;MADRID;2
2025-11-16;CIUDAD REAL;2
2025-11-16;CUENCA;2
2025-11-16;VALLADOLID;2
2025-11-16;SALAMANCA;1
2025-11-16;GUADALAJARA;1
2025-11-16;ALBACETE;1
2025-11-16;PALENCIA;1
2025-11-16;VALENCIA;2
2025-11-16;CASTELLON;2
2025-11-16;BIZKAIA;4
2025-11-16;GIPUZKOA;2
2025-11-16;AVILA;1
2025-11-16;ASTURIAS;2
2025-11-16;ALICANTE;3
2025-11-16;MURCIA;2
2025-11-16;LEON;1
2025-11-23;TOLEDO;1
2025-11-23;MADRID;1
2025-11-23;CIUDAD REAL;1
2025-11-23;CUENCA;1
2025-11-23;VALLADOLID;1
2025-11-23;SALAMANCA;1
2025-11-23;GUADALAJARA;1
2025-11-23;ALBACETE;1
2025-11-23;PALENCIA;1
2025-11-23;VALENCIA;2
2025-11-23;CASTELLON;1
2025-11-23;BIZKAIA;2
2025-11-23;GIPUZKOA;1
2025-11-23;AVILA;1
2025-11-23;ASTURIAS;1
2025-11-23;ALICANTE;2
2025-11-23;MURCIA;1
2025-11-23;LEON;1
2025-11-30;TOLEDO;1
2025-11-30;MADRID;1
2025-11-30;CIUDAD REAL;1
2025-11-30;CUENCA;1
2025-11-30;VALLADOLID;1
2025-11-30;SALAMANCA;1
2025-11-30;GUADALAJARA;1
2025-11-30;ALBACETE;1
2025-11-30;PALENCIA;1
2025-11-30;VALENCIA;2
2025-11-30;CASTELLON;1
2025-11-30;BIZKAIA;2
2025-11-30;GIPUZKOA;1
2025-11-30;AVILA;1
2025-11-30;ASTURIAS;1
2025-11-30;ALICANTE;1
2025-11-30;MURCIA;1
2025-11-30;LEON;1
2025-12-07;TOLEDO;1
2025-12-07;MADRID;1
2025-12-07;CIUDAD REAL;1
2025-12-07;CUENCA;1
2025-12-07;VALLADOLID;1
2025-12-07;SALAMANCA;1
2025-12-07;GUADALAJARA;1
2025-12-07;ALBACETE;1
2025-12-07;PALENCIA;1
2025-12-07;VALENCIA;2
2025-12-07;CASTELLON;1
2025-12-07;BIZKAIA;1
2025-12-07;GIPUZKOA;1
2025-12-07;AVILA;1
2025-12-07;ASTURIAS;1
2025-12-07;ALICANTE;2
2025-12-07;MURCIA;1
2025-12-07;LEON;1
2025-12-14;TOLEDO;1
2025-12-14;MADRID;2
2025-12-14;CIUDAD REAL;2
2025-12-14;CUENCA;1
2025-12-14;VALLADOLID;1
2025-12-14;SALAMANCA;1
2025-12-14;GUADALAJARA;1
2025-12-14;ALBACETE;1
2025-12-14;PALENCIA;1
2025-12-14;VALENCIA;2
2025-12-14;CASTELLON;1
2025-12-14;BIZKAIA;1
2025-12-14;GIPUZKOA;2
2025-12-14;AVILA;1
2025-12-14;ASTURIAS;1
2025-12-14;ALICANTE;1
2025-12-14;MURCIA;1
2025-12-14;LEON;1
2025-12-21;TOLEDO;2
2025-12-21;MADRID;2
2025-12-21;CIUDAD REAL;2
2025-12-21;CUENCA;1
2025-12-21;VALLADOLID;2
2025-12-21;SALAMANCA;1
2025-12-21;GUADALAJARA;1
2025-12-21;ALBACETE;1
2025-12-21;PALENCIA;1
2025-12-21;VALENCIA;2
2025-12-21;CASTELLON;2
2025-12-21;BIZKAIA;2
2025-12-21;GIPUZKOA;2
2025-12-21;AVILA;1
2025-12-21;ASTURIAS;2
2025-12-21;ALICANTE;2
2025-12-21;MURCIA;2
2025-12-21;LEON;1
2025-12-28;TOLEDO;2
2025-12-28;MADRID;2
2025-12-28;CIUDAD REAL;2
2025-12-28;CUENCA;2
2025-12-28;VALLADOLID;1
2025-12-28;SALAMANCA;1
2025-12-28;GUADALAJARA;1
2025-12-28;ALBACETE;1
2025-12-28;PALENCIA;1
2025-12-28;VALENCIA;2
2025-12-28;CASTELLON;2
2025-12-28;BIZKAIA;2
2025-12-28;GIPUZKOA;2
2025-12-28;AVILA;1
2025-12-28;ASTURIAS;2
2025-12-28;ALICANTE;2
2025-12-28;MURCIA;2
2025-12-28;LEON;1
2026-01-04;TOLEDO;4
2026-01-04;MADRID;2
2026-01-04;CIUDAD REAL;2
2026-01-04;CUENCA;3
2026-01-04;VALLADOLID;2
2026-01-04;SALAMANCA;1
2026-01-04;GUADALAJARA;1
2026-01-04;ALBACETE;1
2026-01-04;PALENCIA;1
2026-01-04;VALENCIA;5
2026-01-04;CASTELLON;2
2026-01-04;BIZKAIA;5
2026-01-04;GIPUZKOA;3
2026-01-04;AVILA;1
2026-01-04;ASTURIAS;2
2026-01-04;ALICANTE;2
2026-01-04;MURCIA;2
2026-01-04;LEON;1
2026-01-11;TOLEDO;3
2026-01-11;MADRID;3
2026-01-11;CIUDAD REAL;2
2026-01-11;CUENCA;2
2026-01-11;VALLADOLID;2
2026-01-11;SALAMANCA;1
2026-01-11;GUADALAJARA;1
2026-01-11;ALBACETE;1
2026-01-11;PALENCIA;1
2026-01-11;VALENCIA;3
2026-01-11;CASTELLON;2
2026-01-11;BIZKAIA;3
2026-01-11;GIPUZKOA;3
2026-01-11;AVILA;1
2026-01-11;ASTURIAS;2
2026-01-11;ALICANTE;2
2026-01-11;MURCIA;2
2026-01-11;LEON;1
2026-01-18;TOLEDO;4
2026-01-18;MADRID;3
2026-01-18;CIUDAD REAL;2
2026-01-18;CUENCA;2
2026-01-18;VALLADOLID;1
2026-01-18;SALAMANCA;1
2026-01-18;GUADALAJARA;1
2026-01-18;ALBACETE;1
2026-01-18;PALENCIA;1
2026-01-18;VALENCIA;5
2026-01-18;CASTELLON;2
2026-01-18;BIZKAIA;6
2026-01-18;GIPUZKOA;3
2026-01-18;AVILA;1
2026-01-18;ASTURIAS;1
2026-01-18;ALICANTE;2
2026-01-18;MURCIA;2
2026-01-18;LEON;1
2026-01-25;TOLEDO;3
2026-01-25;MADRID;4
2026-01-25;CIUDAD REAL;2
2026-01-25;CUENCA;2
2026-01-25;VALLADOLID;2
2026-01-25;SALAMANCA;1
2026-01-25;GUADALAJARA;1
2026-01-25;ALBACETE;1
2026-01-25;PALENCIA;1
2026-01-25;VALENCIA;3
2026-01-25;CASTELLON;2
2026-01-25;BIZKAIA;2
2026-01-25;GIPUZKOA;4
2026-01-25;AVILA;1
2026-01-25;ASTURIAS;2
2026-01-25;ALICANTE;2
2026-01-25;MURCIA;2
2026-01-25;LEON;1
2026-02-01;TOLEDO;5
2026-02-01;MADRID;4
2026-02-01;CIUDAD REAL;2
2026-02-01;CUENCA;2
2026-02-01;VALLADOLID;2
2026-02-01;SALAMANCA;1
2026-02-01;GUADALAJARA;1
2026-02-01;ALBACETE;1
2026-02-01;PALENCIA;2
2026-02-01;VALENCIA;6
2026-02-01;CASTELLON;3
2026-02-01;BIZKAIA;6
2026-02-01;GIPUZKOA;3
2026-02-01;AVILA;1
2026-02-01;ASTURIAS;2
2026-02-01;ALICANTE;4
2026-02-01;MURCIA;2
2026-02-01;LEON;1
2026-02-08;TOLEDO;3
2026-02-08;MADRID;3
2026-02-08;CIUDAD REAL;2
2026-02-08;CUENCA;2
2026-02-08;VALLADOLID;2
2026-02-08;SALAMANCA;2
2026-02-08;GUADALAJARA;1
2026-02-08;ALBACETE;2
2026-02-08;PALENCIA;2
2026-02-08;VALENCIA;4
2026-02-08;CASTELLON;5
2026-02-08;BIZKAIA;2
2026-02-08;GIPUZKOA;5
2026-02-08;AVILA;2
2026-02-08;ASTURIAS;3
2026-02-08;ALICANTE;5
2026-02-08;MURCIA;3
2026-02-08;LEON;2
2026-02-15;TOLEDO;6
2026-02-15;MADRID;4
2026-02-15;CIUDAD REAL;2
2026-02-15;CUENCA;2
2026-02-15;VALLADOLID;2
2026-02-15;SALAMANCA;1
2026-02-15;GUADALAJARA;1
2026-02-15;ALBACETE;1
2026-02-15;PALENCIA;1
2026-02-15;VALENCIA;4
2026-02-15;CASTELLON;3
2026-02-15;BIZKAIA;5
2026-02-15;GIPUZKOA;4
2026-02-15;AVILA;1
2026-02-15;ASTURIAS;4
2026-02-15;ALICANTE;5
2026-02-15;MURCIA;3
2026-02-15;LEON;1
2026-02-22;TOLEDO;3
2026-02-22;MADRID;2
2026-02-22;CIUDAD REAL;2
2026-02-22;CUENCA;2
2026-02-22;VALLADOLID;2
2026-02-22;SALAMANCA;1
2026-02-22;GUADALAJARA;1
2026-02-22;ALBACETE;2
2026-02-22;PALENCIA;2
2026-02-22;VALENCIA;4
2026-02-22;CASTELLON;4
2026-02-22;BIZKAIA;3
2026-02-22;GIPUZKOA;3
2026-02-22;AVILA;1
2026-02-22;ASTURIAS;2
2026-02-22;ALICANTE;5
2026-02-22;MURCIA;2
2026-02-22;LEON;1
2026-03-01;TOLEDO;4
2026-03-01;MADRID;2
2026-03-01;CIUDAD REAL;2
2026-03-01;CUENCA;2
2026-03-01;VALLADOLID;1
2026-03-01;SALAMANCA;1
2026-03-01;GUADALAJARA;1
2026-03-01;ALBACETE;1
2026-03-01;PALENCIA;1
2026-03-01;VALENCIA;4
2026-03-01;CASTELLON;2
2026-03-01;BIZKAIA;3
2026-03-01;GIPUZKOA;3
2026-03-01;AVILA;1
2026-03-01;ASTURIAS;2
2026-03-01;ALICANTE;3
2026-03-01;MURCIA;2
2026-03-01;LEON;1
2026-03-08;TOLEDO;2
2026-03-08;MADRID;2
2026-03-08;CIUDAD REAL;2
2026-03-08;CUENCA;1
2026-03-08;VALLADOLID;2
2026-03-08;SALAMANCA;1
2026-03-08;GUADALAJARA;1
2026-03-08;ALBACETE;1
2026-03-08;PALENCIA;1
2026-03-08;VALENCIA;3
2026-03-08;CASTELLON;2
2026-03-08;BIZKAIA;3
2026-03-08;GIPUZKOA;2
2026-03-08;AVILA;1
2026-03-08;ASTURIAS;2
2026-03-08;ALICANTE;2
2026-03-08;MURCIA;2
2026-03-08;LEON;1
2026-03-15;TOLEDO;3
2026-03-15;MADRID;2
2026-03-15;CIUDAD REAL;2
2026-03-15;CUENCA;2
2026-03-15;VALLADOLID;1
2026-03-15;SALAMANCA;1
2026-03-15;GUADALAJARA;1
2026-03-15;ALBACETE;1
2026-03-15;PALENCIA;1
2026-03-15;VALENCIA;3
2026-03-15;CASTELLON;1
2026-03-15;BIZKAIA;2
2026-03-15;GIPUZKOA;2
2026-03-15;AVILA;1
2026-03-15;ASTURIAS;2
2026-03-15;ALICANTE;2
2026-03-15;MURCIA;1
2026-03-15;LEON;1
2026-03-22;TOLEDO;2
2026-03-22;MADRID;2
2026-03-22;CIUDAD REAL;2
2026-03-22;CUENCA;2
2026-03-22;VALLADOLID;1
2026-03-22;SALAMANCA;1
2026-03-22;GUADALAJARA;1
2026-03-22;ALBACETE;1
2026-03-22;PALENCIA;1
2026-03-22;VALENCIA;3
2026-03-22;CASTELLON;2
2026-03-22;BIZKAIA;3
2026-03-22;GIPUZKOA;1
2026-03-22;AVILA;1
2026-03-22;ASTURIAS;1
2026-03-22;ALICANTE;2
2026-03-22;MURCIA;2
2026-03-22;LEON;1
2026-03-29;TOLEDO;3
2026-03-29;MADRID;2
2026-03-29;CIUDAD REAL;2
2026-03-29;CUENCA;2
2026-03-29;VALLADOLID;2
2026-03-29;SALAMANCA;1
2026-03-29;GUADALAJARA;1
2026-03-29;ALBACETE;1
2026-03-29;PALENCIA;1
2026-03-29;VALENCIA;3
2026-03-29;CASTELLON;2
2026-03-29;BIZKAIA;3
2026-03-29;GIPUZKOA;3
2026-03-29;AVILA;1
2026-03-29;ASTURIAS;2
2026-03-29;ALICANTE;2
2026-03-29;MURCIA;2
2026-03-29;LEON;1
2026-04-05;TOLEDO;3
2026-04-05;MADRID;3
2026-04-05;CIUDAD REAL;2
2026-04-05;CUENCA;2
2026-04-05;VALLADOLID;1
2026-04-05;SALAMANCA;1
2026-04-05;GUADALAJARA;1
2026-04-05;ALBACETE;1
2026-04-05;PALENCIA;1
2026-04-05;VALENCIA;4
2026-04-05;CASTELLON;2
2026-04-05;BIZKAIA;3
2026-04-05;GIPUZKOA;2
2026-04-05;AVILA;1
2026-04-05;ASTURIAS;2
2026-04-05;ALICANTE;3
2026-04-05;MURCIA;2
2026-04-05;LEON;2
2026-04-12;TOLEDO;3
2026-04-12;MADRID;3
2026-04-12;CIUDAD REAL;3
2026-04-12;CUENCA;2
2026-04-12;VALLADOLID;2
2026-04-12;SALAMANCA;1
2026-04-12;GUADALAJARA;1
2026-04-12;ALBACETE;1
2026-04-12;PALENCIA;1
2026-04-12;VALENCIA;4
2026-04-12;CASTELLON;2
2026-04-12;BIZKAIA;4
2026-04-12;GIPUZKOA;3
2026-04-12;AVILA;1
2026-04-12;ASTURIAS;2
2026-04-12;ALICANTE;3
2026-04-12;MURCIA;2
2026-04-12;LEON;1
2026-04-19;TOLEDO;3
2026-04-19;MADRID;2
2026-04-19;CIUDAD REAL;2
2026-04-19;CUENCA;2
2026-04-19;VALLADOLID;2
2026-04-19;SALAMANCA;1
2026-04-19;GUADALAJARA;1
2026-04-19;ALBACETE;1
2026-04-19;PALENCIA;1
2026-04-19;VALENCIA;4
2026-04-19;CASTELLON;2
2026-04-19;BIZKAIA;3
2026-04-19;GIPUZKOA;3
2026-04-19;AVILA;1
2026-04-19;ASTURIAS;2
2026-04-19;ALICANTE;3
2026-04-19;MURCIA;2
2026-04-19;LEON;1
2026-04-26;TOLEDO;3
2026-04-26;MADRID;2
2026-04-26;CIUDAD REAL;2
2026-04-26;CUENCA;2
2026-04-26;VALLADOLID;2
2026-04-26;SALAMANCA;1
2026-04-26;GUADALAJARA;1
2026-04-26;ALBACETE;1
2026-04-26;PALENCIA;1
2026-04-26;VALENCIA;4
2026-04-26;CASTELLON;2
2026-04-26;BIZKAIA;3
2026-04-26;GIPUZKOA;2
2026-04-26;AVILA;1
2026-04-26;ASTURIAS;2
2026-04-26;ALICANTE;3
2026-04-26;MURCIA;2
2026-04-26;LEON;1
2026-05-03;TOLEDO;4
2026-05-03;MADRID;3
2026-05-03;CIUDAD REAL;2
2026-05-03;CUENCA;2
2026-05-03;VALLADOLID;2
2026-05-03;SALAMANCA;1
2026-05-03;GUADALAJARA;1
2026-05-03;ALBACETE;2
2026-05-03;PALENCIA;1
2026-05-03;VALENCIA;6
2026-05-03;CASTELLON;2
2026-05-03;BIZKAIA;5
2026-05-03;GIPUZKOA;3
2026-05-03;AVILA;1
2026-05-03;ASTURIAS;2
2026-05-03;ALICANTE;3
2026-05-03;MURCIA;2
2026-05-03;LEON;1
2026-05-10;TOLEDO;2
2026-05-10;MADRID;2
2026-05-10;CIUDAD REAL;2
2026-05-10;CUENCA;2
2026-05-10;VALLADOLID;2
2026-05-10;SALAMANCA;1
2026-05-10;GUADALAJARA;1
2026-05-10;ALBACETE;1
2026-05-10;PALENCIA;1
2026-05-10;VALENCIA;3
2026-05-10;CASTELLON;2
2026-05-10;BIZKAIA;2
2026-05-10;GIPUZKOA;1
2026-05-10;AVILA;1
2026-05-10;ASTURIAS;2
2026-05-10;ALICANTE;3
2026-05-10;MURCIA;2
2026-05-10;LEON;1
2026-05-17;TOLEDO;2
2026-05-17;MADRID;1
2026-05-17;CIUDAD REAL;2
2026-05-17;CUENCA;1
2026-05-17;VALLADOLID;1
2026-05-17;SALAMANCA;1
2026-05-17;GUADALAJARA;1
2026-05-17;ALBACETE;1
2026-05-17;PALENCIA;1
2026-05-17;VALENCIA;2
2026-05-17;CASTELLON;1
2026-05-17;BIZKAIA;2
2026-05-17;GIPUZKOA;1
2026-05-17;AVILA;1
2026-05-17;ASTURIAS;1
2026-05-17;ALICANTE;2
2026-05-17;MURCIA;1
2026-05-17;LEON;1
2026-05-24;TOLEDO;2
2026-05-24;MADRID;1
2026-05-24;CIUDAD REAL;2
2026-05-24;CUENCA;1
2026-05-24;VALLADOLID;1
2026-05-24;SALAMANCA;1
2026-05-24;GUADALAJARA;1
2026-05-24;ALBACETE;1
2026-05-24;PALENCIA;1
2026-05-24;VALENCIA;2
2026-05-24;CASTELLON;1
2026-05-24;BIZKAIA;2
2026-05-24;GIPUZKOA;1
2026-05-24;AVILA;1
2026-05-24;ASTURIAS;1
2026-05-24;ALICANTE;2
2026-05-24;MURCIA;1
2026-05-24;LEON;1
2026-05-31;TOLEDO;1
2026-05-31;MADRID;1
2026-05-31;CIUDAD REAL;2
2026-05-31;CUENCA;1
2026-05-31;VALLADOLID;1
2026-05-31;SALAMANCA;1
2026-05-31;GUADALAJARA;1
2026-05-31;ALBACETE;1
2026-05-31;PALENCIA;1
2026-05-31;VALENCIA;2
2026-05-31;CASTELLON;1
2026-05-31;BIZKAIA;2
2026-05-31;GIPUZKOA;1
2026-05-31;AVILA;1
2026-05-31;ASTURIAS;1
2026-05-31;ALICANTE;2
2026-05-31;MURCIA;1
2026-05-31;LEON;1
2026-06-07;TOLEDO;1
2026-06-07;MADRID;1
2026-06-07;CIUDAD REAL;1
2026-06-07;CUENCA;1
2026-06-07;VALLADOLID;1
2026-06-07;SALAMANCA;1
2026-06-07;GUADALAJARA;1
2026-06-07;ALBACETE;1
2026-06-07;PALENCIA;1
2026-06-07;VALENCIA;2
2026-06-07;CASTELLON;1
2026-06-07;BIZKAIA;1
2026-06-07;GIPUZKOA;1
2026-06-07;AVILA;1
2026-06-07;ASTURIAS;1
2026-06-07;ALICANTE;2
2026-06-07;MURCIA;1
2026-06-07;LEON;1
2026-06-14;TOLEDO;1
2026-06-14;MADRID;1
2026-06-14;CIUDAD REAL;1
2026-06-14;CUENCA;1
2026-06-14;VALLADOLID;1
2026-06-14;SALAMANCA;1
2026-06-14;GUADALAJARA;1
2026-06-14;ALBACETE;1
2026-06-14;PALENCIA;1
2026-06-14;VALENCIA;1
2026-06-14;CASTELLON;1
2026-06-14;BIZKAIA;1
2026-06-14;GIPUZKOA;1
2026-06-14;AVILA;1
2026-06-14;ASTURIAS;1
2026-06-14;ALICANTE;2
2026-06-14;MURCIA;1
2026-06-14;LEON;1
2026-06-21;TOLEDO;1
2026-06-21;MADRID;1
2026-06-21;CIUDAD REAL;1
2026-06-21;CUENCA;1
2026-06-21;VALLADOLID;1
2026-06-21;SALAMANCA;1
2026-06-21;GUADALAJARA;1
2026-06-21;ALBACETE;1
2026-06-21;PALENCIA;1
2026-06-21;VALENCIA;1
2026-06-21;CASTELLON;1
2026-06-21;BIZKAIA;1
2026-06-21;GIPUZKOA;1
2026-06-21;AVILA;1
2026-06-21;ASTURIAS;1
2026-06-21;ALICANTE;2
2026-06-21;MURCIA;1
2026-06-21;LEON;1
2026-06-28;TOLEDO;1
2026-06-28;MADRID;1
2026-06-28;CIUDAD REAL;1
2026-06-28;CUENCA;1
2026-06-28;VALLADOLID;1
2026-06-28;SALAMANCA;1
2026-06-28;GUADALAJARA;1
2026-06-28;ALBACETE;1
2026-06-28;PALENCIA;1
2026-06-28;VALENCIA;1
2026-06-28;CASTELLON;1
2026-06-28;BIZKAIA;1
2026-06-28;GIPUZKOA;1
2026-06-28;AVILA;1
2026-06-28;ASTURIAS;1
2026-06-28;ALICANTE;2
2026-06-28;MURCIA;1
2026-06-28;LEON;1
